id,first_name,last_name,email,gender,ip_address
1,Pattin,Vivyan,pvivyan0@ox.ac.uk,Male,176.228.167.165
2,Lynette,Kerne,lkerne1@wix.com,Female,34.167.242.184
3,Michail,Way,mway2@joomla.org,Male,99.246.216.97


4,Danielle,Halston,dhalston3@taobao.com,Female,147.168.250.191
5,Sonnnie,Jenks,sjenks4@bravesites.com,Female,69.165.175.190
6,Chelsae,Terzi,cterzi5@mlb.com,Female,14.42.178.67
7,Hastie,Herion,hherion6@nhs.uk,Male,75.91.89.

8,Bondon,Kennerley,bkennerley7@webmd.com,Male,171.165.97.115
9,Jamesy,Basford,jbasford8@geocities.jp,Male,202.161.192.254
10,Roddie,Boarleyson,rboarleyson9@washingtonpost.com,Male,249.113.213.32
