id,first_name,last_name,email,gender,ip_address
1,Pepillo,Muat,pmuat0@vinaora.com,Male,102.31.36.16
2,Dorotea,Jachimczak,djachimczak1@hubpages.com,Female,222.249.20.35
3,Jacquenette,Cromack,jcromack2@ifeng.com,Female,113.246.6.58
4,Goober,Ziems,gziems3@newsvine.com,Male,21.195.203.22
5,Berkley,Szymczyk,bszymczyk4@businessweek.com,Male,113.83.102.67
6,Genni,Caccavari,gcaccavari5@dyndns.org,Female,0.36.106.126
7,Pennie,Lythgoe,plythgoe6@odnoklassniki.ru,Female,27.110.40.222
8,Jammal,Bentke,jbentke7@addthis.com,Male,175.226.72.104
9,Lou,Braven,lbraven8@ebay.com,Male,171.249.71.84
10,Raymond,Eye,reye9@usgs.gov,Male,64.215.194.17
11,Joaquin,Asprey,jaspreya@bluehost.com,Male,0.222.245.128
12,Ashely,Munden,amundenb@soup.io,Female,222.81.11.180
13,Broderic,Canning,bcanningc@blinklist.com,Male,83.29.175.126
14,Harriot,Dibble,hdibbled@cpanel.net,Female,112.253.46.207
15,Chevy,Donnel,cdonnele@vk.com,Male,138.15.209.140
16,Hallsy,Rigmond,hrigmondf@skyrock.com,Male,52.41.206.33
17,Mic,Van Son,mvansong@japanpost.jp,Male,165.94.204.223
18,Bee,Cavnor,bcavnorh@google.com,Female,109.151.184.165
19,Silas,Vockins,svockinsi@instagram.com,Male,162.235.226.180
20,Paulo,Raeburn,praeburnj@newsvine.com,Male,210.151.143.181
21,Eben,Trythall,etrythallk@arstechnica.com,Male,227.61.109.76
22,Randene,Harfleet,rharfleetl@usnews.com,Female,224.169.59.100
23,Steffane,Sultan,ssultanm@slideshare.net,Female,140.1.216.13
24,Belvia,Awcoate,bawcoaten@chronoengine.com,Female,254.54.57.223
25,Blinnie,Niezen,bniezeno@ed.gov,Female,143.77.55.11
26,Kylie,Blodgett,kblodgettp@squidoo.com,Female,207.212.58.48
27,Manuel,Dew,mdewq@bandcamp.com,Male,140.10.63.136
28,Terry,Seide,tseider@gnu.org,Female,245.232.80.234
29,Lynea,De Ath,ldeaths@imageshack.us,Female,126.137.53.213
30,Delaney,Colledge,dcolledget@deliciousdays.com,Male,39.213.218.218
31,Alejandrina,Cradduck,acradducku@123-reg.co.uk,Female,152.9.196.24
32,Dinny,Roly,drolyv@slate.com,Female,57.182.68.224
33,Burgess,Dagnall,bdagnallw@statcounter.com,Male,155.74.17.204
34,Ilsa,Deeman,ideemanx@taobao.com,Female,28.26.205.161
35,Kesley,Cohan,kcohany@jalbum.net,Female,241.3.144.174
36,Fidelio,Gepson,fgepsonz@nymag.com,Male,136.103.81.190
37,Jemie,Leadbetter,jleadbetter10@cnn.com,Female,221.93.224.205
38,Annaliese,Schuler,aschuler11@narod.ru,Female,209.36.34.47
39,Gale,Coiley,gcoiley12@joomla.org,Female,103.28.46.164
40,Angel,Ricarde,aricarde13@geocities.jp,Male,164.225.100.185
41,Tova,Sloper,tsloper14@hatena.ne.jp,Female,37.159.155.38
42,Wildon,Conahy,wconahy15@discovery.com,Male,21.208.3.122
43,Jared,Scherer,jscherer16@comcast.net,Male,130.219.250.126
44,Shelton,Headey,sheadey17@va.gov,Male,197.138.66.213
45,Selina,Menilove,smenilove18@cdc.gov,Female,204.50.244.109
46,Urson,Troker,utroker19@nps.gov,Male,145.50.101.176
47,Raeann,Dulinty,rdulinty1a@sciencedirect.com,Female,146.62.18.160
48,Luciano,Haisell,lhaisell1b@edublogs.org,Male,3.228.183.135
49,Eward,Bullin,ebullin1c@qq.com,Male,73.144.166.161
50,Joete,Peddersen,jpeddersen1d@businessweek.com,Female,218.180.211.24
51,Titus,Vallentine,tvallentine1e@yandex.ru,Male,240.200.206.136
52,Ekaterina,Ganing,eganing1f@answers.com,Female,204.10.210.137
53,Doe,Barmby,dbarmby1g@fotki.com,Female,55.130.97.238
54,Felipa,Jeanel,fjeanel1h@seesaa.net,Female,62.191.77.146
55,Mia,McEachern,mmceachern1i@artisteer.com,Female,13.12.14.76
56,Beatrisa,Cutbush,bcutbush1j@woothemes.com,Female,18.26.232.254
57,Catherina,Diviney,cdiviney1k@google.it,Female,172.45.92.221
58,Hobart,Delle,hdelle1l@tuttocitta.it,Male,112.167.55.135
59,Booth,Rodda,brodda1m@dailymotion.com,Male,191.250.128.99
60,Kelvin,Jackways,kjackways1n@webnode.com,Male,105.107.214.37
61,Westley,Baress,wbaress1o@jimdo.com,Male,44.236.235.127
62,Foss,Attree,fattree1p@mozilla.com,Male,225.211.116.112
63,Audry,Ambrus,aambrus1q@princeton.edu,Female,111.187.58.180
64,Aeriela,Jeannin,ajeannin1r@hc360.com,Female,92.13.215.48
65,Ian,Beeden,ibeeden1s@springer.com,Male,246.59.178.242
66,Mariellen,Cowndley,mcowndley1t@pcworld.com,Female,141.77.123.213
67,Gaynor,Lount,glount1u@rakuten.co.jp,Female,17.213.125.5
68,Fairleigh,Kail,fkail1v@google.es,Male,32.70.252.36
69,Lindie,Giffon,lgiffon1w@photobucket.com,Female,28.75.183.63
70,Berk,Root,broot1x@blogs.com,Male,118.190.149.57
71,Benedick,Houston,bhouston1y@etsy.com,Male,37.243.87.214
72,Sammie,Houndsom,shoundsom1z@yandex.ru,Male,7.226.43.144
73,Paige,Swaffer,pswaffer20@networksolutions.com,Female,18.181.99.47
74,Darryl,Korejs,dkorejs21@columbia.edu,Female,1.167.166.117
75,Shaughn,Karp,skarp22@phpbb.com,Male,66.80.159.246
76,Bondon,Ceccoli,bceccoli23@admin.ch,Male,79.207.170.87
77,Nowell,Bausmann,nbausmann24@delicious.com,Male,72.130.171.21
78,Emilie,Cowperthwaite,ecowperthwaite25@state.gov,Female,213.236.117.96
79,Wheeler,Verrills,wverrills26@cdbaby.com,Male,114.96.114.49
80,Burton,Tanman,btanman27@odnoklassniki.ru,Male,181.84.126.6
81,Ginny,Timpany,gtimpany28@discovery.com,Female,201.84.137.224
82,Davy,Couch,dcouch29@newsvine.com,Male,255.14.194.95
83,Gerry,Jansen,gjansen2a@zdnet.com,Male,213.101.2.42
84,Harley,Jaquin,hjaquin2b@wix.com,Male,93.143.49.24
85,Hanan,McClancy,hmcclancy2c@fda.gov,Male,29.26.214.214
86,Meta,Maccraw,mmaccraw2d@timesonline.co.uk,Female,30.21.5.193
87,Melamie,Everitt,meveritt2e@skype.com,Female,253.122.104.192
88,Herculie,Vanacci,hvanacci2f@xinhuanet.com,Male,253.238.205.34
89,Cherrita,Feronet,cferonet2g@soundcloud.com,Female,123.95.112.20
90,Peadar,Canlin,pcanlin2h@blogs.com,Male,97.193.109.16
91,Sherill,Muffitt,smuffitt2i@umich.edu,Female,246.220.224.37
92,Roby,Fontell,rfontell2j@weather.com,Female,209.192.194.158
93,Rebeca,Cheeney,rcheeney2k@networksolutions.com,Female,123.162.158.38
94,Kariotta,Calkin,kcalkin2l@bizjournals.com,Female,17.248.180.8
95,Reider,North,rnorth2m@imageshack.us,Male,63.47.15.77
96,Renaldo,Vollam,rvollam2n@live.com,Male,58.93.68.140
97,Carolynn,Warrell,cwarrell2o@guardian.co.uk,Female,51.9.192.33
98,Aylmer,Kimmerling,akimmerling2p@shutterfly.com,Male,167.30.163.173
99,Zorana,Colclough,zcolclough2q@unc.edu,Female,181.64.129.156
100,Nadya,Jozwik,njozwik2r@indiegogo.com,Female,199.55.233.6
101,Liam,Figure,lfigure2s@spotify.com,Male,209.192.250.148
102,Agnella,Stetlye,astetlye2t@uol.com.br,Female,118.153.106.43
103,Cherianne,Vittet,cvittet2u@gravatar.com,Female,214.134.14.7
104,Else,Drew,edrew2v@utexas.edu,Female,66.215.166.112
105,Zaccaria,Metrick,zmetrick2w@phoca.cz,Male,103.40.188.102
106,Sarge,Billie,sbillie2x@state.gov,Male,252.160.252.89
107,Karalee,Martynov,kmartynov2y@baidu.com,Female,36.123.42.149
108,Sid,Vere,svere2z@diigo.com,Male,0.53.121.108
109,Frankie,Howsin,fhowsin30@nationalgeographic.com,Female,241.100.134.29
110,Hilliard,Goude,hgoude31@geocities.jp,Male,33.89.177.62
111,Dame,Tebb,dtebb32@nps.gov,Male,99.45.72.12
112,Phillipe,Lasslett,plasslett33@ted.com,Male,122.61.61.252
113,Susie,Grinishin,sgrinishin34@mozilla.com,Female,102.117.1.103
114,Kristos,Windross,kwindross35@time.com,Male,81.35.235.159
115,Hamilton,Ekless,hekless36@arstechnica.com,Male,215.226.101.13
116,Nichol,Dorsey,ndorsey37@squarespace.com,Female,197.50.52.140
117,Silvester,Musgrave,smusgrave38@dmoz.org,Male,129.165.76.32
118,Cynthy,Antonikov,cantonikov39@odnoklassniki.ru,Female,192.89.101.88
119,Fabian,Pobjoy,fpobjoy3a@nih.gov,Male,122.164.107.29
120,Dyna,Fauning,dfauning3b@hibu.com,Female,209.25.55.247
121,Valencia,Rohfsen,vrohfsen3c@usgs.gov,Female,142.210.59.126
122,Reinhold,Doy,rdoy3d@deviantart.com,Male,231.109.61.67
123,Fitzgerald,Fishburn,ffishburn3e@xinhuanet.com,Male,75.221.5.87
124,Jamil,Alvin,jalvin3f@deviantart.com,Male,75.126.222.201
125,Boyd,Le Houx,blehoux3g@twitpic.com,Male,47.88.50.157
126,Horatio,Ovid,hovid3h@webnode.com,Male,176.49.93.54
127,Ronni,Whapple,rwhapple3i@goo.ne.jp,Female,142.69.143.9
128,Gene,Duff,gduff3j@oakley.com,Female,7.146.8.225
129,Linell,Kellart,lkellart3k@google.it,Female,40.7.137.171
130,Byrom,Melly,bmelly3l@hugedomains.com,Male,67.137.218.67
131,Else,Dole,edole3m@cloudflare.com,Female,53.127.197.149
132,Robin,Tomeo,rtomeo3n@virginia.edu,Female,63.57.142.238
133,Elijah,Bennitt,ebennitt3o@blogs.com,Male,201.66.0.127
134,Roselin,Vance,rvance3p@google.co.uk,Female,57.122.69.228
135,Bobbi,Arnot,barnot3q@ezinearticles.com,Female,188.21.187.190
136,Rabbi,Whitticks,rwhitticks3r@cnn.com,Male,118.65.124.227
137,Jehanna,Frensch,jfrensch3s@deliciousdays.com,Female,132.122.157.19
138,Wini,McNeice,wmcneice3t@bloglovin.com,Female,194.153.211.42
139,Jackelyn,Treverton,jtreverton3u@java.com,Female,179.19.223.145
140,Ase,MacGruer,amacgruer3v@eventbrite.com,Male,47.25.206.240
141,Berrie,Spray,bspray3w@furl.net,Female,169.153.254.84
142,Ivette,Battany,ibattany3x@army.mil,Female,73.226.160.13
143,Gawain,Camplen,gcamplen3y@mac.com,Male,192.72.182.161
144,Tiff,Febry,tfebry3z@cdbaby.com,Female,24.245.103.14
145,Thornton,Scholtis,tscholtis40@1und1.de,Male,30.195.10.221
146,Maureene,Yaakov,myaakov41@booking.com,Female,142.204.34.63
147,Devy,Matzl,dmatzl42@biblegateway.com,Male,97.238.115.169
148,Sergio,Stiff,sstiff43@telegraph.co.uk,Male,127.36.1.89
149,Emory,Sutterby,esutterby44@flickr.com,Male,7.93.34.16
150,Cordey,Polo,cpolo45@e-recht24.de,Female,170.147.164.123
151,Joella,Camerati,jcamerati46@miibeian.gov.cn,Female,85.40.239.235
152,Erich,Devita,edevita47@businessinsider.com,Male,97.19.84.23
153,Candra,O'Lehane,colehane48@senate.gov,Female,140.40.206.182
154,Edan,Dallywater,edallywater49@godaddy.com,Male,108.132.238.237
155,Shanta,Mifflin,smifflin4a@phoca.cz,Female,218.190.254.166
156,Beryle,Sallows,bsallows4b@ca.gov,Female,32.192.81.118
157,Dulcie,Popeley,dpopeley4c@meetup.com,Female,84.114.247.205
158,Dahlia,McKeighan,dmckeighan4d@wiley.com,Female,134.209.26.194
159,Stafford,Craig,scraig4e@hibu.com,Male,15.4.1.30
160,Chlo,Copsey,ccopsey4f@ebay.com,Female,148.149.108.54
161,Parke,Adlard,padlard4g@e-recht24.de,Male,174.244.12.36
162,Bondy,Meyer,bmeyer4h@google.ru,Male,115.197.5.245
163,Winna,Parnall,wparnall4i@mapy.cz,Female,195.173.72.132
164,Pennie,Retter,pretter4j@ameblo.jp,Male,232.102.182.243
165,Allsun,Dangerfield,adangerfield4k@angelfire.com,Female,215.89.24.5
166,Patrice,Lipscomb,plipscomb4l@unc.edu,Female,152.42.15.203
167,Miner,Collyns,mcollyns4m@unc.edu,Male,38.82.28.229
168,Thomasin,Anthon,tanthon4n@wufoo.com,Female,138.242.72.159
169,Aldus,Luparto,aluparto4o@weather.com,Male,19.119.187.104
170,Lothaire,Gerrens,lgerrens4p@jimdo.com,Male,215.211.30.142
171,Enrique,Fowden,efowden4q@howstuffworks.com,Male,194.67.65.231
172,Lyle,Akeherst,lakeherst4r@webs.com,Male,233.139.70.180
173,Fairfax,Blacksland,fblacksland4s@last.fm,Male,3.215.216.124
174,Louise,Osipenko,losipenko4t@webeden.co.uk,Female,179.194.178.234
175,Barnie,Polding,bpolding4u@usatoday.com,Male,78.175.126.43
176,Margarette,Skechley,mskechley4v@army.mil,Female,117.64.98.152
177,Kincaid,Allan,kallan4w@purevolume.com,Male,206.126.151.110
178,Scot,Lovelock,slovelock4x@indiatimes.com,Male,80.238.253.28
179,Farley,Linden,flinden4y@usnews.com,Male,25.106.204.153
180,Purcell,Woodall,pwoodall4z@mayoclinic.com,Male,202.116.8.185
181,Tynan,Dunkerly,tdunkerly50@buzzfeed.com,Male,248.37.186.115
182,Melvin,Nijs,mnijs51@gmpg.org,Male,192.90.140.153
183,Marie-jeanne,Guerrero,mguerrero52@va.gov,Female,225.49.219.173
184,Worth,Oleksiak,woleksiak53@aboutads.info,Male,3.20.163.42
185,Raul,Imlock,rimlock54@redcross.org,Male,23.145.244.67
186,Deidre,Murdy,dmurdy55@ow.ly,Female,150.172.69.116
187,Lefty,Threader,lthreader56@cbsnews.com,Male,203.124.251.137
188,Alexine,Ida,aida57@blogger.com,Female,94.148.130.167
189,Veronique,Lorent,vlorent58@scribd.com,Female,187.162.200.80
190,Quill,Rickwood,qrickwood59@google.com,Male,92.169.202.107
191,Teri,Galsworthy,tgalsworthy5a@weather.com,Female,116.180.63.148
192,Rozele,Matsell,rmatsell5b@mozilla.org,Female,173.214.154.208
193,Hayyim,Heare,hheare5c@google.cn,Male,45.236.2.236
194,Serge,Tiley,stiley5d@noaa.gov,Male,142.205.220.194
195,Odelinda,Bwy,obwy5e@foxnews.com,Female,98.8.79.177
196,Itch,Thickins,ithickins5f@infoseek.co.jp,Male,82.150.95.232
197,Mickie,Bollis,mbollis5g@ted.com,Male,219.9.157.79
198,Parrnell,Baudichon,pbaudichon5h@cnbc.com,Male,28.63.71.217
199,Marys,Iiannone,miiannone5i@yolasite.com,Female,191.245.150.172
200,Niki,Chatan,nchatan5j@discovery.com,Male,107.56.112.143
201,Aldrich,Coventry,acoventry5k@bizjournals.com,Male,139.79.120.175
202,Derward,Hicken,dhicken5l@dyndns.org,Male,206.41.8.40
203,Hardy,Eagle,heagle5m@who.int,Male,33.216.55.63
204,Lewie,Muzzollo,lmuzzollo5n@prlog.org,Male,45.218.45.36
205,Johann,Smallpiece,jsmallpiece5o@pinterest.com,Male,131.46.118.140
206,Amii,Sollowaye,asollowaye5p@sohu.com,Female,188.69.117.31
207,Damaris,Ech,dech5q@histats.com,Female,245.166.68.62
208,Renaldo,Fellow,rfellow5r@bravesites.com,Male,118.99.31.161
209,Lyndsie,Tales,ltales5s@chron.com,Female,1.154.66.131
210,Rochette,Redferne,rredferne5t@smh.com.au,Female,59.130.245.3
211,Ester,Jonczyk,ejonczyk5u@wp.com,Female,150.111.79.222
212,Hewe,Purrier,hpurrier5v@bloglines.com,Male,37.35.234.255
213,Chucho,Scriven,cscriven5w@alibaba.com,Male,102.109.17.3
214,Jamaal,Dallywater,jdallywater5x@free.fr,Male,227.200.179.191
215,Julie,Holtaway,jholtaway5y@jimdo.com,Female,244.108.134.155
216,Osbourne,Sedgebeer,osedgebeer5z@tmall.com,Male,44.173.255.119
217,Garner,Vials,gvials60@unesco.org,Male,108.130.125.57
218,Glenine,Boydon,gboydon61@hexun.com,Female,251.183.185.96
219,Genny,Dodgshon,gdodgshon62@aol.com,Female,188.248.120.4
220,Fitzgerald,Duffrie,fduffrie63@ft.com,Male,96.86.72.121
221,Keir,Outhwaite,kouthwaite64@google.ca,Male,232.108.104.140
222,Annie,Burrass,aburrass65@comcast.net,Female,76.52.93.108
223,Pincas,Weatherill,pweatherill66@cocolog-nifty.com,Male,128.60.170.72
224,Demetrius,Kears,dkears67@msn.com,Male,227.104.185.217
225,Borden,Mattioni,bmattioni68@tripadvisor.com,Male,150.237.52.124
226,Mattheus,Brownstein,mbrownstein69@reference.com,Male,43.39.212.11
227,Danie,Ginner,dginner6a@vimeo.com,Male,47.37.189.63
228,Abbey,Mulcock,amulcock6b@sbwire.com,Female,33.82.254.240
229,Shirlene,Dallaghan,sdallaghan6c@woothemes.com,Female,204.60.56.88
230,Ellie,Keysall,ekeysall6d@weebly.com,Female,229.134.220.54
231,Philippa,Pawelek,ppawelek6e@bloglines.com,Female,113.203.59.122
232,Dud,Sigsworth,dsigsworth6f@storify.com,Male,53.173.63.237
233,Sharlene,Jossum,sjossum6g@auda.org.au,Female,218.54.153.209
234,Cloe,Garrad,cgarrad6h@w3.org,Female,107.77.187.132
235,Alard,Fanthome,afanthome6i@microsoft.com,Male,183.153.98.94
236,Danila,Lapslie,dlapslie6j@gravatar.com,Female,191.102.46.11
237,Rubi,Beine,rbeine6k@myspace.com,Female,129.216.215.121
238,Rivi,Armiger,rarmiger6l@discovery.com,Female,170.185.236.209
239,Melony,Allbrook,mallbrook6m@usatoday.com,Female,104.230.32.178
240,Richardo,Pedrick,rpedrick6n@acquirethisname.com,Male,154.132.179.225
241,Amargo,Brimson,abrimson6o@imageshack.us,Female,34.155.37.8
242,Juan,Purrier,jpurrier6p@ezinearticles.com,Male,72.100.129.81
243,Clemmie,Andreotti,candreotti6q@rambler.ru,Male,44.174.148.215
244,Robinetta,Fielder,rfielder6r@marriott.com,Female,185.111.152.149
245,Scotti,Smallshaw,ssmallshaw6s@omniture.com,Male,61.232.176.176
246,Everard,Senten,esenten6t@tiny.cc,Male,113.144.44.57
247,Gail,Doohan,gdoohan6u@springer.com,Female,199.131.239.195
248,Anthony,Madner,amadner6v@unc.edu,Male,178.188.204.221
249,Obadiah,Randlesome,orandlesome6w@ezinearticles.com,Male,9.237.149.251
250,Rikki,Dyment,rdyment6x@pagesperso-orange.fr,Male,110.163.113.84
251,Whitney,Hadlington,whadlington6y@wisc.edu,Female,147.180.92.208
252,Benito,Snell,bsnell6z@comsenz.com,Male,21.97.98.163
253,Pam,Pietruszka,ppietruszka70@reverbnation.com,Female,129.226.110.137
254,Essa,Lumpkin,elumpkin71@bizjournals.com,Female,91.224.63.97
255,Amble,Szach,aszach72@aboutads.info,Male,91.203.92.248
256,Rudolfo,Cahn,rcahn73@cocolog-nifty.com,Male,184.51.119.132
257,Mickey,Bernardos,mbernardos74@unesco.org,Male,173.188.85.169
258,Eugenia,Caunt,ecaunt75@ycombinator.com,Female,201.9.224.154
259,Meghann,Shuttell,mshuttell76@a8.net,Female,200.227.10.222
260,Sanderson,Varty,svarty77@marketwatch.com,Male,186.109.119.72
261,Flor,Lowcock,flowcock78@opensource.org,Female,19.200.117.98
262,Hailee,Dimond,hdimond79@addtoany.com,Female,201.122.185.54
263,Codi,Hundey,chundey7a@dailymotion.com,Male,168.44.44.19
264,Mitch,Arundel,marundel7b@adobe.com,Male,24.170.12.67
265,Marwin,Tomlett,mtomlett7c@cbslocal.com,Male,195.74.11.114
266,Charlie,Tight,ctight7d@comsenz.com,Male,231.215.229.42
267,Hewett,Van Cassel,hvancassel7e@multiply.com,Male,95.74.89.138
268,Iris,Allibone,iallibone7f@dropbox.com,Female,161.54.195.143
269,Ham,Mewis,hmewis7g@senate.gov,Male,218.169.139.35
270,Kalil,Hawksworth,khawksworth7h@mozilla.org,Male,43.160.245.192
271,Sissie,Cumes,scumes7i@upenn.edu,Female,112.187.31.160
272,Dionis,McWard,dmcward7j@booking.com,Female,130.107.170.166
273,Lindy,Wattins,lwattins7k@twitter.com,Male,110.217.25.127
274,Marline,Cancellor,mcancellor7l@seattletimes.com,Female,187.193.105.219
275,Terrill,Flay,tflay7m@nbcnews.com,Male,155.83.223.48
276,Jared,Toderi,jtoderi7n@so-net.ne.jp,Male,148.150.87.149
277,Zedekiah,Elby,zelby7o@telegraph.co.uk,Male,21.87.148.14
278,Lorens,Bruckental,lbruckental7p@de.vu,Male,75.248.153.45
279,Kelly,Butner,kbutner7q@theatlantic.com,Male,81.57.84.31
280,Wilbert,Hutchison,whutchison7r@issuu.com,Male,140.189.122.120
281,Wakefield,Pow,wpow7s@ow.ly,Male,221.30.206.70
282,Dennet,Daouze,ddaouze7t@netlog.com,Male,141.72.97.194
283,Gael,Brewin,gbrewin7u@zimbio.com,Male,28.146.234.250
284,Caro,Barron,cbarron7v@ovh.net,Female,119.83.191.36
285,Lorrie,Chaffin,lchaffin7w@ezinearticles.com,Female,161.166.234.156
286,Juliane,Carwardine,jcarwardine7x@admin.ch,Female,155.38.49.149
287,Cory,Rhydderch,crhydderch7y@spiegel.de,Female,77.4.146.174
288,Jacquette,Dingle,jdingle7z@123-reg.co.uk,Female,196.57.231.198
289,Magda,Norcliff,mnorcliff80@gnu.org,Female,113.255.156.219
290,Hettie,Ducastel,hducastel81@state.gov,Female,164.59.147.32
291,Jourdain,Orkney,jorkney82@arizona.edu,Male,166.171.57.192
292,Matthew,De la Eglise,mdelaeglise83@zdnet.com,Male,226.43.136.214
293,Dall,Lettley,dlettley84@cisco.com,Male,232.5.24.216
294,Adara,Lightbourn,alightbourn85@dedecms.com,Female,141.163.71.171
295,Mortimer,Hovel,mhovel86@netvibes.com,Male,71.51.215.64
296,Davin,Breton,dbreton87@stumbleupon.com,Male,117.85.119.40
297,Kynthia,Khoter,kkhoter88@java.com,Female,90.101.206.96
298,Renae,Liptrod,rliptrod89@360.cn,Female,89.213.239.139
299,Winne,Graith,wgraith8a@ebay.com,Female,220.27.115.201
300,Dode,Troubridge,dtroubridge8b@tiny.cc,Female,214.61.128.196
301,Gwennie,Fensome,gfensome8c@mashable.com,Female,44.200.55.13
302,Micheline,Aleksidze,maleksidze8d@answers.com,Female,90.83.49.105
303,Dulcie,Duncanson,dduncanson8e@nydailynews.com,Female,40.100.28.11
304,Willette,Lestor,wlestor8f@nature.com,Female,211.197.47.127
305,Germaine,Semiras,gsemiras8g@yandex.ru,Male,229.109.193.48
306,Gwenni,Depport,gdepport8h@redcross.org,Female,230.211.204.122
307,Heloise,Gairdner,hgairdner8i@apple.com,Female,159.124.68.16
308,Anna-diana,Ludgate,aludgate8j@xinhuanet.com,Female,50.17.130.155
309,Rafael,Dogerty,rdogerty8k@51.la,Male,114.238.164.208
310,Thomas,Danet,tdanet8l@deviantart.com,Male,112.164.12.19
311,Alwin,Draaisma,adraaisma8m@mayoclinic.com,Male,124.254.83.16
312,Justin,Blanch,jblanch8n@cloudflare.com,Male,149.44.149.26
313,Xylina,Perone,xperone8o@bloomberg.com,Female,196.22.98.191
314,Townsend,Babbage,tbabbage8p@shinystat.com,Male,172.177.72.229
315,Haily,Larwood,hlarwood8q@imdb.com,Female,3.224.28.49
316,Lin,Josling,ljosling8r@patch.com,Male,44.19.166.168
317,Latashia,Hornbuckle,lhornbuckle8s@cafepress.com,Female,234.24.111.32
318,Kellsie,Cutteridge,kcutteridge8t@smugmug.com,Female,10.150.236.255
319,Bibi,Gammel,bgammel8u@nba.com,Female,140.145.94.245
320,Rene,Kynton,rkynton8v@nydailynews.com,Male,209.97.120.161
321,Regan,Aluard,raluard8w@is.gd,Male,116.160.180.170
322,Klemens,Sjostrom,ksjostrom8x@google.com.hk,Male,191.181.207.59
323,Hewett,Hillaby,hhillaby8y@baidu.com,Male,177.3.70.207
324,Leila,Fould,lfould8z@pcworld.com,Female,119.48.80.18
325,Freedman,Szymon,fszymon90@guardian.co.uk,Male,120.101.206.165
326,Priscella,Evershed,pevershed91@parallels.com,Female,21.118.250.84
327,Beck,Cornewall,bcornewall92@webmd.com,Male,113.92.158.56
328,Brier,Kinson,bkinson93@pcworld.com,Female,218.229.147.120
329,Glenn,Chaikovski,gchaikovski94@typepad.com,Female,137.52.46.188
330,Tallia,Whellans,twhellans95@google.nl,Female,69.218.203.82
331,Linda,Carrane,lcarrane96@aboutads.info,Female,209.141.83.90
332,Ellette,Gentiry,egentiry97@ebay.co.uk,Female,69.5.206.238
333,Michele,Curwen,mcurwen98@goodreads.com,Male,36.111.138.78
334,Blondelle,Waith,bwaith99@deviantart.com,Female,219.213.82.150
335,Anton,Flawith,aflawith9a@tumblr.com,Male,16.127.107.179
336,Arel,McMahon,amcmahon9b@fc2.com,Male,246.224.127.164
337,Katee,Theriot,ktheriot9c@behance.net,Female,203.199.173.53
338,Deborah,Crowson,dcrowson9d@com.com,Female,106.240.210.248
339,Frasco,Lidgate,flidgate9e@themeforest.net,Male,179.183.153.199
340,Zak,Cloney,zcloney9f@nih.gov,Male,114.50.186.199
341,Cletis,Gregoratti,cgregoratti9g@google.com.br,Male,36.17.68.145
342,Maia,Ickov,mickov9h@rediff.com,Female,43.220.75.16
343,Rafaela,Colt,rcolt9i@1688.com,Female,189.145.161.228
344,Mellisa,Pinsent,mpinsent9j@columbia.edu,Female,40.183.99.252
345,Hollie,Putt,hputt9k@jiathis.com,Female,140.170.121.212
346,Shandy,Flewan,sflewan9l@sourceforge.net,Female,134.6.203.143
347,Letisha,Ellum,lellum9m@sciencedirect.com,Female,60.237.171.205
348,Brion,Seller,bseller9n@edublogs.org,Male,38.124.73.72
349,Theodoric,Backen,tbacken9o@tumblr.com,Male,36.115.60.6
350,Phillis,Matasov,pmatasov9p@cbsnews.com,Female,1.192.33.187
351,Durward,Dunthorn,ddunthorn9q@weather.com,Male,72.197.35.32
352,Nonah,Franks,nfranks9r@xinhuanet.com,Female,255.51.223.39
353,Idette,Rowbrey,irowbrey9s@pbs.org,Female,153.85.16.229
354,Cullan,Gunner,cgunner9t@ucsd.edu,Male,9.246.2.188
355,Elset,Gladeche,egladeche9u@hubpages.com,Female,201.1.219.105
356,Urson,Choldcroft,ucholdcroft9v@tuttocitta.it,Male,103.224.39.124
357,Vivianna,Robard,vrobard9w@comsenz.com,Female,47.63.171.129
358,Felisha,Aicheson,faicheson9x@chron.com,Female,146.251.242.44
359,Ellene,Snelling,esnelling9y@phpbb.com,Female,153.134.231.190
360,Karlie,Woolvett,kwoolvett9z@ow.ly,Female,200.19.84.211
361,Lucie,McVaugh,lmcvaugha0@redcross.org,Female,252.47.247.169
362,Ailis,Revett,arevetta1@hatena.ne.jp,Female,84.167.58.244
363,Rickey,Lugsdin,rlugsdina2@sciencedaily.com,Male,145.219.128.118
364,Colby,Plaistowe,cplaistowea3@walmart.com,Male,57.160.95.2
365,Selene,Keddie,skeddiea4@yellowbook.com,Female,78.130.234.11
366,Corry,Dick,cdicka5@latimes.com,Female,80.123.138.38
367,Seward,Kington,skingtona6@illinois.edu,Male,126.152.67.105
368,Christye,Edmott,cedmotta7@ow.ly,Female,71.139.216.80
369,Earle,Corain,ecoraina8@boston.com,Male,33.142.154.248
370,Darbee,Copeland,dcopelanda9@topsy.com,Male,147.173.159.146
371,Rhodia,Morgans,rmorgansaa@howstuffworks.com,Female,162.154.10.171
372,Shelley,Brammar,sbrammarab@mlb.com,Female,128.255.16.79
373,Winonah,Langley,wlangleyac@clickbank.net,Female,166.43.120.141
374,Mark,Mellhuish,mmellhuishad@creativecommons.org,Male,24.224.230.251
375,Cloe,Derell,cderellae@sohu.com,Female,70.111.123.214
376,Carlos,Vann,cvannaf@accuweather.com,Male,158.29.189.168
377,Penrod,Wilkowski,pwilkowskiag@zimbio.com,Male,5.65.106.117
378,Valry,Cockings,vcockingsah@angelfire.com,Female,25.187.172.45
379,Daniella,Climance,dclimanceai@usnews.com,Female,136.210.110.209
380,Redford,Lermit,rlermitaj@xing.com,Male,174.81.230.97
381,Ted,Camilleri,tcamilleriak@lulu.com,Female,50.28.147.253
382,Alexine,Lambourn,alambournal@skype.com,Female,158.231.83.80
383,Calvin,Scorthorne,cscorthorneam@wsj.com,Male,110.11.93.28
384,Leland,Verrillo,lverrilloan@utexas.edu,Male,42.108.39.39
385,Cahra,Robey,crobeyao@linkedin.com,Female,182.135.178.21
386,Ignacio,Caddie,icaddieap@cyberchimps.com,Male,20.229.202.37
387,Imogen,Denidge,idenidgeaq@webmd.com,Female,147.85.16.66
388,Aristotle,Shwenn,ashwennar@gizmodo.com,Male,254.251.190.227
389,Lacey,Rollason,lrollasonas@netvibes.com,Female,175.205.33.15
390,Vance,Waulker,vwaulkerat@adobe.com,Male,67.73.71.148
391,Gordy,Sander,gsanderau@multiply.com,Male,127.124.185.201
392,Rolph,Hamberstone,rhamberstoneav@lycos.com,Male,137.96.250.30
393,Lynnette,Glendining,lglendiningaw@sogou.com,Female,27.126.3.86
394,Ofelia,Donisthorpe,odonisthorpeax@uol.com.br,Female,90.230.174.49
395,Terra,Claricoates,tclaricoatesay@umn.edu,Female,76.212.42.171
396,Dede,Delafoy,ddelafoyaz@scientificamerican.com,Female,65.216.110.101
397,Rafaela,Rickertsen,rrickertsenb0@ed.gov,Female,209.124.147.220
398,Christy,Garnham,cgarnhamb1@surveymonkey.com,Female,145.68.69.109
399,Guglielma,McLelland,gmclellandb2@ft.com,Female,101.229.214.228
400,Dania,Capel,dcapelb3@dell.com,Female,69.168.108.183
401,Ryley,Doul,rdoulb4@earthlink.net,Male,108.126.167.114
402,Isabella,Plott,iplottb5@last.fm,Female,157.79.107.228
403,Dael,Collumbine,dcollumbineb6@163.com,Female,148.36.38.134
404,Toma,Maith,tmaithb7@sphinn.com,Female,182.141.233.111
405,Marcus,Melvin,mmelvinb8@dot.gov,Male,206.150.156.133
406,Lawrence,Crees,lcreesb9@wordpress.com,Male,174.169.27.56
407,Ines,Marty,imartyba@istockphoto.com,Female,65.191.48.223
408,Verla,Thowes,vthowesbb@icio.us,Female,84.174.140.182
409,Dotty,Tinto,dtintobc@mtv.com,Female,8.22.102.176
410,Alene,Copping,acoppingbd@posterous.com,Female,252.67.103.188
411,Heall,Cadreman,hcadremanbe@nasa.gov,Male,47.249.226.202
412,Humfrey,Dimblebee,hdimblebeebf@wix.com,Male,231.111.76.84
413,Wendy,Matteris,wmatterisbg@scribd.com,Female,107.247.247.120
414,Mordecai,Rehorek,mrehorekbh@google.fr,Male,254.137.235.252
415,Anya,Lowden,alowdenbi@ox.ac.uk,Female,59.33.117.78
416,Orelle,Breffitt,obreffittbj@infoseek.co.jp,Female,84.54.8.47
417,Bone,Parsell,bparsellbk@privacy.gov.au,Male,163.16.109.46
418,Dallas,Brightey,dbrighteybl@gravatar.com,Male,137.230.233.244
419,Ario,Isaksson,aisakssonbm@twitpic.com,Male,137.180.237.93
420,Corly,Hendrick,chendrickbn@gnu.org,Female,37.45.168.94
421,Engracia,Beniesh,ebenieshbo@cdbaby.com,Female,67.46.29.48
422,Willie,Benting,wbentingbp@hubpages.com,Male,241.64.113.234
423,Stefa,Hunt,shuntbq@home.pl,Female,242.198.84.205
424,Alfred,Collyer,acollyerbr@facebook.com,Male,235.99.169.144
425,Fawne,Martyntsev,fmartyntsevbs@csmonitor.com,Female,64.223.27.87
426,Delora,Verny,dvernybt@csmonitor.com,Female,124.12.138.107
427,Hersch,Cerith,hcerithbu@mediafire.com,Male,77.79.43.150
428,Larisa,Ivanikhin,livanikhinbv@arizona.edu,Female,131.0.101.244
429,Kiersten,Larvor,klarvorbw@utexas.edu,Female,193.46.227.160
430,Brigham,Dall,bdallbx@phoca.cz,Male,40.73.72.6
431,Darcee,Luby,dlubyby@zimbio.com,Female,174.201.233.255
432,Wilmer,Wasson,wwassonbz@drupal.org,Male,177.107.44.224
433,Seth,Neary,snearyc0@netlog.com,Male,167.10.1.65
434,Jori,Binnell,jbinnellc1@ebay.co.uk,Female,207.190.64.29
435,Vern,Klaiser,vklaiserc2@yelp.com,Male,88.37.78.30
436,Lanna,Gregoletti,lgregolettic3@wikia.com,Female,54.69.72.248
437,Celestina,Doel,cdoelc4@gov.uk,Female,225.38.203.171
438,Ryley,Brandes,rbrandesc5@cornell.edu,Male,113.101.161.132
439,Willetta,Sunners,wsunnersc6@vkontakte.ru,Female,179.160.213.250
440,Geraldine,Spurnier,gspurnierc7@skyrock.com,Female,97.219.174.250
441,Frants,Haldin,fhaldinc8@ameblo.jp,Male,48.234.241.2
442,Rip,Spowart,rspowartc9@mayoclinic.com,Male,133.45.25.76
443,Kilian,Barrick,kbarrickca@blogger.com,Male,100.55.57.167
444,Aaron,Mainz,amainzcb@who.int,Male,12.225.176.254
445,Nigel,Willerton,nwillertoncc@google.es,Male,196.154.99.29
446,Melba,Staterfield,mstaterfieldcd@bbb.org,Female,89.142.206.141
447,Ede,Ledgister,eledgisterce@discuz.net,Female,137.203.226.236
448,Sloan,Cutts,scuttscf@aol.com,Male,94.198.153.130
449,Lorry,Lebourn,llebourncg@yale.edu,Female,55.25.192.168
450,Yuri,Krolman,ykrolmanch@vk.com,Male,186.124.209.16
451,Esmeralda,Kitchingman,ekitchingmanci@yahoo.co.jp,Female,189.249.106.48
452,Devonne,Peres,dperescj@blinklist.com,Female,246.238.52.225
453,Mella,Vickar,mvickarck@indiegogo.com,Female,176.51.232.173
454,Willabella,Voak,wvoakcl@liveinternet.ru,Female,179.63.229.21
455,Starlene,Jedrzejewsky,sjedrzejewskycm@cbc.ca,Female,49.167.235.233
456,Virgil,Rhodes,vrhodescn@harvard.edu,Male,176.71.65.170
457,Jenna,Trunkfield,jtrunkfieldco@un.org,Female,180.31.56.74
458,Alis,Manville,amanvillecp@macromedia.com,Female,34.47.191.45
459,Desiri,Stoven,dstovencq@g.co,Female,163.67.80.193
460,Carolee,Bootyman,cbootymancr@desdev.cn,Female,36.14.182.141
461,Lucias,Franchyonok,lfranchyonokcs@jugem.jp,Male,21.235.170.10
462,Agata,Kirkman,akirkmanct@storify.com,Female,204.85.113.20
463,Janie,Hackworth,jhackworthcu@oaic.gov.au,Female,161.12.143.183
464,Isabelita,McLevie,imcleviecv@so-net.ne.jp,Female,208.230.206.244
465,Karie,Izacenko,kizacenkocw@wired.com,Female,12.105.43.89
466,Patty,Crame,pcramecx@topsy.com,Male,114.128.225.144
467,Kendricks,Ricoald,kricoaldcy@kickstarter.com,Male,138.23.190.82
468,Fair,Thackston,fthackstoncz@arstechnica.com,Male,68.50.99.11
469,Devlin,Beany,dbeanyd0@sun.com,Male,126.129.211.63
470,Edmon,Burgis,eburgisd1@smh.com.au,Male,252.215.231.220
471,Meta,Teaser,mteaserd2@cargocollective.com,Female,130.10.147.91
472,Latisha,Edgington,ledgingtond3@edublogs.org,Female,2.156.169.246
473,Galven,Drivers,gdriversd4@weather.com,Male,160.148.57.157
474,Kiley,Girk,kgirkd5@multiply.com,Male,231.179.209.194
475,Townsend,Turle,tturled6@eventbrite.com,Male,102.75.95.152
476,Hetti,Straffon,hstraffond7@people.com.cn,Female,174.29.253.209
477,Julee,Clampe,jclamped8@is.gd,Female,120.187.24.236
478,Corrinne,Keetch,ckeetchd9@kickstarter.com,Female,152.85.215.178
479,Alec,Kerrod,akerrodda@aboutads.info,Male,92.63.173.64
480,Willi,Woolard,wwoolarddb@canalblog.com,Female,111.169.76.151
481,Danita,Hutable,dhutabledc@smugmug.com,Female,84.28.251.225
482,Maddy,Lemarie,mlemariedd@drupal.org,Male,4.105.6.108
483,Sibyl,Gullam,sgullamde@nhs.uk,Male,218.42.56.73
484,Tandy,Sleath,tsleathdf@simplemachines.org,Female,30.217.187.229
485,Donnamarie,Sargant,dsargantdg@sphinn.com,Female,128.35.154.31
486,Baily,Lacheze,blachezedh@npr.org,Male,239.210.44.254
487,Silvano,Hardman,shardmandi@fastcompany.com,Male,91.173.110.140
488,Marwin,Copeman,mcopemandj@sitemeter.com,Male,55.182.121.81
489,Mychal,Best,mbestdk@liveinternet.ru,Male,198.127.122.27
490,Stevana,Tackell,stackelldl@paginegialle.it,Female,178.146.230.134
491,Rollin,Tidmarsh,rtidmarshdm@nhs.uk,Male,137.226.6.27
492,Enoch,Roscamps,eroscampsdn@photobucket.com,Male,245.51.213.78
493,Tyson,Delacourt,tdelacourtdo@europa.eu,Male,40.250.103.30
494,Kirbie,Tieraney,ktieraneydp@opensource.org,Female,107.210.162.98
495,Edwina,MacMichael,emacmichaeldq@yahoo.com,Female,146.240.119.141
496,Lilllie,Szymanski,lszymanskidr@biblegateway.com,Female,57.174.39.63
497,Carlee,Nary,cnaryds@hubpages.com,Female,133.122.215.50
498,Moss,Cammocke,mcammockedt@networksolutions.com,Male,45.142.114.113
499,Torre,Flowitt,tflowittdu@jigsy.com,Male,112.105.87.13
500,Antin,Kerwin,akerwindv@skyrock.com,Male,31.133.80.181
501,Philipa,Dizlie,pdizliedw@vistaprint.com,Female,220.255.232.159
502,Alyssa,Caherny,acahernydx@google.com,Female,3.96.9.171
503,Kelvin,Mouland,kmoulanddy@dmoz.org,Male,49.8.226.73
504,Zorine,Corston,zcorstondz@jigsy.com,Female,177.17.30.108
505,Vick,Brimming,vbrimminge0@google.ca,Male,212.107.80.67
506,Bank,Alanbrooke,balanbrookee1@wikimedia.org,Male,1.81.182.27
507,Salomon,Tucknutt,stucknutte2@nationalgeographic.com,Male,156.220.126.141
508,Juliette,Cleatherow,jcleatherowe3@com.com,Female,42.166.135.215
509,Fidelia,Peabody,fpeabodye4@paginegialle.it,Female,21.75.6.241
510,Danna,Imlacke,dimlackee5@geocities.jp,Female,185.210.32.141
511,Yetty,Eadon,yeadone6@va.gov,Female,96.1.50.9
512,Amalee,Proudlove,aproudlovee7@google.co.uk,Female,74.186.151.34
513,Kipper,Swanson,kswansone8@twitpic.com,Male,164.54.53.240
514,Noe,Pridham,npridhame9@eventbrite.com,Male,110.66.148.175
515,Drew,Hearnes,dhearnesea@harvard.edu,Male,29.95.8.161
516,Row,O'Roan,roroaneb@china.com.cn,Female,22.122.7.125
517,Guthry,Fairholme,gfairholmeec@reverbnation.com,Male,4.35.163.208
518,Kipp,Ibbs,kibbsed@edublogs.org,Female,133.112.245.9
519,Alla,Risbie,arisbieee@smugmug.com,Female,1.70.249.78
520,Timothy,Papachristophorou,tpapachristophorouef@wp.com,Male,170.95.223.51
521,Jennette,Monery,jmoneryeg@accuweather.com,Female,250.0.137.85
522,Modesty,Sindell,msindelleh@dailymotion.com,Female,83.103.10.128
523,Dallas,Mildmott,dmildmottei@wikispaces.com,Male,214.189.128.117
524,Tracee,Pottell,tpottellej@github.io,Female,255.24.255.220
525,Moe,Volett,mvolettek@ow.ly,Male,37.176.215.161
526,Bevon,Polendine,bpolendineel@mapy.cz,Male,90.176.214.61
527,Hugh,Isgar,hisgarem@cbslocal.com,Male,236.215.22.171
528,Pren,Wadge,pwadgeen@jalbum.net,Male,68.180.78.217
529,Germayne,Pavel,gpaveleo@rakuten.co.jp,Male,20.222.45.93
530,Kathleen,O'Hogertie,kohogertieep@surveymonkey.com,Female,105.222.47.197
531,Ursola,Livock,ulivockeq@salon.com,Female,206.121.191.204
532,Artair,Sears,asearser@1688.com,Male,197.26.186.119
533,Ruthe,Reyner,rreyneres@icio.us,Female,35.131.85.160
534,Rik,Artiss,rartisset@naver.com,Male,161.138.69.237
535,Lauree,Conti,lcontieu@uol.com.br,Female,125.250.202.199
536,Engelbert,Boxe,eboxeev@adobe.com,Male,13.224.220.112
537,Margot,Guilloton,mguillotonew@paypal.com,Female,198.19.67.137
538,Drew,Cuffe,dcuffeex@columbia.edu,Male,138.68.156.155
539,Drud,Linthead,dlintheadey@cocolog-nifty.com,Male,144.128.86.114
540,Shaine,Sheehan,ssheehanez@bing.com,Male,69.200.114.118
541,Maje,Naisbitt,mnaisbittf0@chicagotribune.com,Male,32.71.236.119
542,Paxton,Flott,pflottf1@ehow.com,Male,253.54.119.185
543,Trixy,Wildey,twildeyf2@spotify.com,Female,120.244.16.98
544,Dulcie,Melloy,dmelloyf3@loc.gov,Female,176.235.154.208
545,Nata,Test,ntestf4@ca.gov,Female,6.164.6.134
546,Cortney,Davidson,cdavidsonf5@bbb.org,Female,197.218.160.177
547,Sigismund,Keogh,skeoghf6@narod.ru,Male,191.213.48.65
548,Egor,Nasi,enasif7@illinois.edu,Male,76.255.131.26
549,Guilbert,Apfel,gapfelf8@disqus.com,Male,212.254.29.60
550,Manolo,Espie,mespief9@newyorker.com,Male,140.149.109.69
551,Jodi,Dommett,jdommettfa@wikispaces.com,Male,118.182.156.136
552,Kipper,Ades,kadesfb@addthis.com,Male,65.108.191.110
553,Frannie,Collelton,fcolleltonfc@creativecommons.org,Male,176.71.145.106
554,Janelle,Bauser,jbauserfd@businessinsider.com,Female,215.102.90.187
555,Vern,Marwood,vmarwoodfe@de.vu,Male,211.42.224.15
556,Valencia,Pilger,vpilgerff@guardian.co.uk,Female,195.181.108.86
557,Pammi,Rundle,prundlefg@fotki.com,Female,106.66.7.195
558,Edita,Iorio,eioriofh@w3.org,Female,155.217.26.167
559,Bernette,Widdop,bwiddopfi@cloudflare.com,Female,146.82.27.102
560,Fraze,Darke,fdarkefj@geocities.jp,Male,106.236.114.157
561,Sharity,Bowles,sbowlesfk@google.fr,Female,206.81.20.44
562,Berky,Dales,bdalesfl@phpbb.com,Male,186.150.172.226
563,Farly,Margetts,fmargettsfm@unblog.fr,Male,26.253.26.21
564,Noel,MacElharge,nmacelhargefn@i2i.jp,Male,50.196.60.249
565,Vern,Creddon,vcreddonfo@yahoo.com,Male,17.151.194.114
566,Salomo,Zaczek,szaczekfp@shinystat.com,Male,184.0.163.144
567,Stormie,Slatter,sslatterfq@nih.gov,Female,0.99.9.82
568,Jamesy,Pentony,jpentonyfr@bandcamp.com,Male,147.167.2.118
569,Raynard,Chirm,rchirmfs@answers.com,Male,2.61.53.32
570,Gabriella,Feasby,gfeasbyft@unesco.org,Female,81.221.25.238
571,Rogerio,Hughson,rhughsonfu@tripod.com,Male,241.165.145.206
572,Carey,Worland,cworlandfv@paginegialle.it,Female,159.140.141.31
573,Stacy,Leverette,sleverettefw@businessweek.com,Male,242.166.243.6
574,Bruno,Hemmingway,bhemmingwayfx@prlog.org,Male,128.63.174.166
575,Belinda,Bleacher,bbleacherfy@harvard.edu,Female,201.198.39.32
576,Roley,Baiyle,rbaiylefz@e-recht24.de,Male,47.155.51.201
577,Aurelea,Sasser,asasserg0@mtv.com,Female,229.139.207.112
578,Florie,Rubinfajn,frubinfajng1@pcworld.com,Female,163.24.214.44
579,Humphrey,Linstead,hlinsteadg2@nba.com,Male,122.254.103.15
580,Tyson,Benjafield,tbenjafieldg3@simplemachines.org,Male,130.16.147.77
581,Tammy,Bartosinski,tbartosinskig4@google.ru,Male,227.21.232.44
582,Mychal,Rosenstiel,mrosenstielg5@discovery.com,Male,105.75.18.78
583,Audrey,Staunton,astauntong6@state.gov,Female,52.107.113.220
584,Petr,Driffill,pdriffillg7@gizmodo.com,Male,41.178.246.173
585,Brendan,Ralestone,bralestoneg8@mlb.com,Male,78.251.22.205
586,Winni,Bidgood,wbidgoodg9@hibu.com,Female,101.0.90.153
587,Cleveland,Glavin,cglavinga@freewebs.com,Male,54.210.67.255
588,Rolph,Sailor,rsailorgb@addthis.com,Male,35.74.248.39
589,Issi,Camacke,icamackegc@istockphoto.com,Female,70.58.52.51
590,Alyosha,Nockles,anocklesgd@ning.com,Male,162.208.40.39
591,Cicily,Gilfillan,cgilfillange@pcworld.com,Female,240.88.182.65
592,Thedric,Lawden,tlawdengf@ycombinator.com,Male,198.205.91.46
593,Henry,Nys,hnysgg@phpbb.com,Male,186.76.205.8
594,Pauletta,Bisgrove,pbisgrovegh@businesswire.com,Female,202.231.215.115
595,Terrence,Faulds,tfauldsgi@cnet.com,Male,202.218.89.74
596,Valenka,Hogben,vhogbengj@skyrock.com,Female,157.107.85.208
597,Prescott,Mance,pmancegk@topsy.com,Male,222.124.102.83
598,Dex,Rosten,drostengl@baidu.com,Male,151.50.140.175
599,Harli,Fearne,hfearnegm@gmpg.org,Female,111.250.243.183
600,Mavis,MacRorie,mmacroriegn@umn.edu,Female,49.217.35.214
601,Alysia,Benzi,abenzigo@homestead.com,Female,140.204.219.250
602,Nedda,Bartkiewicz,nbartkiewiczgp@harvard.edu,Female,253.194.249.139
603,Fonsie,Bloodworthe,fbloodworthegq@indiatimes.com,Male,154.151.123.197
604,Cecilio,Shelp,cshelpgr@bluehost.com,Male,24.101.173.116
605,Richart,Bulger,rbulgergs@dion.ne.jp,Male,245.100.116.90
606,Gerrie,Lochrie,glochriegt@timesonline.co.uk,Female,189.171.95.66
607,Udall,Sweetland,usweetlandgu@bandcamp.com,Male,233.138.127.41
608,Berry,Swettenham,bswettenhamgv@mac.com,Female,71.180.22.135
609,Karrie,Sonnenschein,ksonnenscheingw@ft.com,Female,209.16.206.16
610,Olive,Budden,obuddengx@trellian.com,Female,115.60.244.21
611,Janel,Marquez,jmarquezgy@rediff.com,Female,124.231.124.195
612,Giorgio,Clausen-Thue,gclausenthuegz@sciencedirect.com,Male,42.207.215.24
613,Leonanie,Balchin,lbalchinh0@cisco.com,Female,193.223.84.65
614,Abba,Dignall,adignallh1@bravesites.com,Male,2.50.255.159
615,Sheeree,Margerison,smargerisonh2@jimdo.com,Female,12.166.30.56
616,Paolina,Wogden,pwogdenh3@prnewswire.com,Female,62.74.83.113
617,Blakelee,McCaig,bmccaigh4@yandex.ru,Female,143.88.67.7
618,Hilary,Khalid,hkhalidh5@mayoclinic.com,Male,116.78.249.81
619,Asher,O'Geaney,aogeaneyh6@aboutads.info,Male,252.245.3.104
620,Mandel,Rough,mroughh7@amazonaws.com,Male,247.124.19.182
621,Dorrie,MacKenzie,dmackenzieh8@acquirethisname.com,Female,187.41.18.4
622,Tailor,Summerlee,tsummerleeh9@studiopress.com,Male,165.129.206.201
623,Constanta,Bucknell,cbucknellha@histats.com,Female,183.83.81.45
624,Theodosia,Andersson,tanderssonhb@columbia.edu,Female,47.12.127.217
625,Jessalyn,Landall,jlandallhc@oakley.com,Female,32.228.252.233
626,West,Chomicki,wchomickihd@nifty.com,Male,220.247.35.72
627,Harmony,Raven,hravenhe@google.nl,Female,78.228.148.76
628,Trstram,Sorsby,tsorsbyhf@cyberchimps.com,Male,99.228.107.17
629,Hakim,Bunker,hbunkerhg@harvard.edu,Male,198.20.15.89
630,Reinaldos,Graal,rgraalhh@biblegateway.com,Male,198.50.157.122
631,Roger,Wattins,rwattinshi@amazonaws.com,Male,242.139.56.247
632,Jdavie,Favela,jfavelahj@un.org,Male,122.52.126.192
633,Dorolisa,Barlee,dbarleehk@phoca.cz,Female,156.104.120.127
634,Alleen,Arthur,aarthurhl@microsoft.com,Female,172.23.132.49
635,Gunar,Finlay,gfinlayhm@angelfire.com,Male,166.202.206.191
636,Pier,Greystock,pgreystockhn@bbb.org,Female,241.223.232.205
637,Cindy,Grut,cgrutho@hostgator.com,Female,225.115.188.4
638,Saunders,Toffaloni,stoffalonihp@xing.com,Male,94.205.154.10
639,Dominic,Schottli,dschottlihq@springer.com,Male,36.132.78.177
640,Guy,Trippitt,gtrippitthr@mapquest.com,Male,6.79.22.155
641,Florry,Phillis,fphillishs@biglobe.ne.jp,Female,74.27.45.139
642,Davina,Bendall,dbendallht@a8.net,Female,221.247.204.116
643,Niles,Leynham,nleynhamhu@dion.ne.jp,Male,34.222.63.232
644,Felicity,Wash,fwashhv@wp.com,Female,85.240.198.25
645,Irvin,Gosnoll,igosnollhw@slashdot.org,Male,224.61.82.117
646,Deirdre,Halliwell,dhalliwellhx@sbwire.com,Female,80.242.253.57
647,Shirley,Sirett,ssiretthy@linkedin.com,Female,44.108.148.118
648,Janith,Abramovitch,jabramovitchhz@buzzfeed.com,Female,179.114.250.196
649,Freddie,Quimby,fquimbyi0@altervista.org,Male,202.17.149.45
650,Sherlock,Ferron,sferroni1@princeton.edu,Male,22.15.111.107
651,Harlene,Garnsworth,hgarnsworthi2@ebay.co.uk,Female,87.45.21.97
652,Ashla,Acosta,aacostai3@seesaa.net,Female,123.198.14.152
653,Carrissa,Calveley,ccalveleyi4@aboutads.info,Female,63.113.174.246
654,Orbadiah,Corroyer,ocorroyeri5@instagram.com,Male,134.1.202.13
655,Ivan,Lelievre,ilelievrei6@phoca.cz,Male,146.70.150.21
656,Joel,Ripping,jrippingi7@icio.us,Male,102.47.206.147
657,Hewie,Cratere,hcraterei8@wikispaces.com,Male,11.39.78.175
658,Zorah,Melendez,zmelendezi9@senate.gov,Female,79.145.229.61
659,Isis,Jacobbe,ijacobbeia@businessweek.com,Female,198.242.165.147
660,Gaby,Sillars,gsillarsib@house.gov,Female,130.194.199.160
661,Evangelia,Points,epointsic@gnu.org,Female,177.156.64.194
662,Stanly,Grenkov,sgrenkovid@europa.eu,Male,114.247.139.68
663,Brigida,Habben,bhabbenie@cocolog-nifty.com,Female,21.205.162.123
664,Geoffrey,Abethell,gabethellif@delicious.com,Male,183.246.5.174
665,Raquela,Oherlihy,roherlihyig@arstechnica.com,Female,163.87.32.215
666,Halette,Touhig,htouhigih@jigsy.com,Female,78.200.43.173
667,Viviana,Biasi,vbiasiii@lulu.com,Female,35.95.56.17
668,Anne-corinne,Burkman,aburkmanij@squarespace.com,Female,54.245.246.244
669,Gavan,Tomblin,gtomblinik@so-net.ne.jp,Male,35.57.31.130
670,Catriona,Sloam,csloamil@google.ca,Female,45.181.45.228
671,Paulie,Benoi,pbenoiim@reddit.com,Male,254.165.142.26
672,Stoddard,Folker,sfolkerin@china.com.cn,Female,18.165.16.184
673,Darrell,Pesak,dpesakio@bizjournals.com,Male,221.49.3.6
674,Rhoda,McWhinnie,rmcwhinnieip@diigo.com,Female,12.79.66.110
675,Galina,Gaylor,ggayloriq@mysql.com,Female,145.154.241.144
676,Hillier,De Benedictis,hdebenedictisir@upenn.edu,Male,242.233.159.135
677,Panchito,Sevier,psevieris@slate.com,Male,195.176.164.135
678,Amii,Bentick,abentickit@wix.com,Female,215.74.84.242
679,Shermy,Nurdin,snurdiniu@parallels.com,Male,100.104.9.254
680,Wake,Tift,wtiftiv@opera.com,Male,109.35.26.128
681,Anson,Prenty,aprentyiw@cisco.com,Male,202.129.201.189
682,Tammy,Bailiss,tbailissix@geocities.com,Female,58.8.217.194
683,Dominique,Kryszka,dkryszkaiy@alibaba.com,Male,6.221.87.204
684,Davie,Compford,dcompfordiz@auda.org.au,Male,79.138.173.68
685,Burtie,Iacovielli,biacoviellij0@goo.gl,Male,168.159.11.226
686,Edgardo,Kolis,ekolisj1@stanford.edu,Male,25.99.252.224
687,Berne,MacMaster,bmacmasterj2@dell.com,Male,118.74.79.254
688,Jocelyn,O' Mullan,jomullanj3@sina.com.cn,Female,15.187.163.144
689,Hilarius,Juanes,hjuanesj4@blogspot.com,Male,73.62.117.129
690,Rosalyn,Duffer,rdufferj5@ow.ly,Female,129.10.124.132
691,Leola,Awty,lawtyj6@taobao.com,Female,163.241.239.136
692,Andrew,Mealand,amealandj7@scribd.com,Male,198.162.26.235
693,Jermaine,Secrett,jsecrettj8@a8.net,Male,37.147.152.221
694,Wade,Blacklock,wblacklockj9@odnoklassniki.ru,Male,246.214.123.243
695,Marni,Lemoir,mlemoirja@go.com,Female,42.138.187.84
696,Honor,Golbourn,hgolbournjb@wiley.com,Female,36.80.104.59
697,Justin,McDougal,jmcdougaljc@wisc.edu,Male,125.86.145.87
698,Kamila,Tremayne,ktremaynejd@washington.edu,Female,148.137.252.161
699,Wyn,Anderer,wandererje@sohu.com,Male,206.197.68.225
700,Chrysler,Brosoli,cbrosolijf@whitehouse.gov,Female,199.133.95.196
701,Sim,Parlet,sparletjg@nba.com,Male,171.22.97.0
702,Alistair,Bullough,abulloughjh@myspace.com,Male,197.211.233.136
703,Wendy,Kobel,wkobelji@sciencedirect.com,Female,232.214.201.127
704,Shanta,Mutimer,smutimerjj@blogger.com,Female,153.193.111.144
705,Nickolas,Harbidge,nharbidgejk@twitpic.com,Male,170.188.207.228
706,Kingsly,Petrashov,kpetrashovjl@hostgator.com,Male,88.36.130.184
707,Margaretta,Banke,mbankejm@g.co,Female,129.236.165.239
708,Jaquith,Kytley,jkytleyjn@bing.com,Female,211.189.212.109
709,Donovan,Antoszewski,dantoszewskijo@addtoany.com,Male,67.200.208.186
710,Albertine,Griniov,agriniovjp@goodreads.com,Female,132.62.157.130
711,Breena,Will,bwilljq@purevolume.com,Female,58.116.123.232
712,Chelsie,Staresmeare,cstaresmearejr@cbc.ca,Female,151.187.254.184
713,Vin,Shergold,vshergoldjs@meetup.com,Male,227.16.235.157
714,Charleen,Rathke,crathkejt@fotki.com,Female,186.4.232.103
715,Leyla,Croser,lcroserju@ted.com,Female,226.44.72.205
716,Nadya,Edmund,nedmundjv@alexa.com,Female,244.110.183.26
717,Judon,Rawstron,jrawstronjw@ehow.com,Male,86.231.132.223
718,Ame,Bilam,abilamjx@addthis.com,Female,104.160.89.213
719,Meier,Hallawell,mhallawelljy@comsenz.com,Male,252.67.117.94
720,Bear,Downe,bdownejz@usgs.gov,Male,38.255.146.137
721,Andras,Wheaton,awheatonk0@sourceforge.net,Male,30.145.84.10
722,Gaven,Shearmer,gshearmerk1@amazon.com,Male,52.204.193.167
723,Rod,Blennerhassett,rblennerhassettk2@europa.eu,Male,85.167.143.254
724,Sophronia,Newland,snewlandk3@goo.ne.jp,Female,131.180.56.5
725,Shel,Leeman,sleemank4@facebook.com,Female,222.152.197.200
726,Homer,Croasdale,hcroasdalek5@addthis.com,Male,252.226.80.72
727,Ichabod,Stallion,istallionk6@foxnews.com,Male,7.200.251.133
728,Brigham,Witherdon,bwitherdonk7@blogtalkradio.com,Male,56.23.75.29
729,Dirk,Davidovich,ddavidovichk8@usa.gov,Male,238.167.90.227
730,Danya,Moorerud,dmoorerudk9@mysql.com,Female,140.8.97.136
731,Wash,Walsh,wwalshka@cloudflare.com,Male,242.69.103.241
732,Cully,Dobbin,cdobbinkb@ezinearticles.com,Male,103.221.94.68
733,Lyndell,Daye,ldayekc@drupal.org,Female,12.39.81.76
734,Aleksandr,Fields,afieldskd@nasa.gov,Male,35.63.135.126
735,Valentino,Durnall,vdurnallke@boston.com,Male,63.191.174.70
736,Cecilio,Fencott,cfencottkf@icq.com,Male,90.226.70.224
737,Braden,Pischel,bpischelkg@state.gov,Male,211.139.53.208
738,Skippie,Magne,smagnekh@google.ru,Male,200.139.117.201
739,Susi,Fairtlough,sfairtloughki@chron.com,Female,136.50.86.150
740,Barde,Thebeau,bthebeaukj@hao123.com,Male,144.202.65.48
741,Bessie,Halso,bhalsokk@economist.com,Female,18.243.235.132
742,Marius,Lygo,mlygokl@tumblr.com,Male,186.108.70.43
743,Thaine,Bloomer,tbloomerkm@rediff.com,Male,49.99.26.214
744,Rodolfo,Bernaldez,rbernaldezkn@time.com,Male,132.109.229.82
745,Glenden,Armatidge,garmatidgeko@columbia.edu,Male,130.159.3.49
746,Lorant,Benezeit,lbenezeitkp@sfgate.com,Male,221.11.123.215
747,Sileas,Cockings,scockingskq@hubpages.com,Female,0.136.145.58
748,Ryon,Hitcham,rhitchamkr@bluehost.com,Male,37.180.80.173
749,Odie,Pauletto,opaulettoks@privacy.gov.au,Male,6.101.9.12
750,Giacopo,Ahlin,gahlinkt@harvard.edu,Male,104.202.23.154
751,Clovis,Amiable,camiableku@youku.com,Female,178.91.252.225
752,Giacopo,Gullan,ggullankv@google.nl,Male,79.213.91.138
753,Gregor,Chambers,gchamberskw@amazon.com,Male,233.108.56.216
754,Ty,Matthewman,tmatthewmankx@blogtalkradio.com,Male,64.92.196.125
755,Katheryn,Kearey,kkeareyky@phoca.cz,Female,18.16.181.237
756,Levon,Hayter,lhayterkz@imageshack.us,Male,254.166.110.18
757,Boony,Skase,bskasel0@blinklist.com,Male,126.195.232.246
758,Kort,Bagley,kbagleyl1@ucla.edu,Male,44.64.206.47
759,Hermina,Ducaen,hducaenl2@imdb.com,Female,136.106.18.190
760,Peyton,Ughetti,pughettil3@google.co.uk,Male,41.123.107.231
761,Cirstoforo,O' Scallan,coscallanl4@google.co.uk,Male,15.99.28.80
762,Todd,Shalliker,tshallikerl5@lulu.com,Male,180.143.69.83
763,Lauritz,Labroue,llabrouel6@ameblo.jp,Male,71.103.142.116
764,Bell,Golde,bgoldel7@vistaprint.com,Female,25.188.165.41
765,Ivie,Netley,inetleyl8@cmu.edu,Female,229.174.179.5
766,Alic,Impey,aimpeyl9@issuu.com,Male,193.186.114.178
767,Ray,Carless,rcarlessla@bandcamp.com,Male,88.10.105.24
768,Bendicty,McGonigal,bmcgonigallb@wsj.com,Male,237.32.236.177
769,Mar,Hutfield,mhutfieldlc@smh.com.au,Male,227.13.87.219
770,Bertha,Burchill,bburchillld@vinaora.com,Female,131.116.59.7
771,Josey,Losel,jloselle@zimbio.com,Female,113.58.95.105
772,Connie,Kneebone,ckneebonelf@google.ru,Female,72.160.92.81
773,Bobbette,Ahearne,bahearnelg@nbcnews.com,Female,83.111.121.4
774,Husain,Bothe,hbothelh@imdb.com,Male,55.184.51.99
775,Melodie,Paxman,mpaxmanli@addthis.com,Female,253.115.8.228
776,Kacey,Gorbell,kgorbelllj@google.ca,Female,11.222.235.116
777,Sarita,Cristol,scristollk@ning.com,Female,104.119.164.222
778,Gustie,Jeffers,gjeffersll@altervista.org,Female,87.80.129.231
779,Cora,Novakovic,cnovakoviclm@tinyurl.com,Female,53.189.218.45
780,Salli,Wooller,swoollerln@theatlantic.com,Female,136.100.153.43
781,Gilberto,Daborn,gdabornlo@hibu.com,Male,44.36.97.150
782,Bert,Roset,brosetlp@wikimedia.org,Female,117.34.110.125
783,Cecilla,McGrowther,cmcgrowtherlq@abc.net.au,Female,121.250.148.109
784,Rab,Shew,rshewlr@java.com,Male,205.203.144.7
785,Fanni,Greenleaf,fgreenleafls@go.com,Female,174.150.88.114
786,Anatol,Hardway,ahardwaylt@timesonline.co.uk,Male,197.118.169.143
787,Fritz,Jepp,fjepplu@fotki.com,Male,249.88.15.144
788,Paolo,Langhorne,planghornelv@ning.com,Male,123.94.87.75
789,Jeanette,Rouby,jroubylw@topsy.com,Female,174.70.48.168
790,Annora,Winskill,awinskilllx@moonfruit.com,Female,71.57.234.172
791,Bee,Jewar,bjewarly@hatena.ne.jp,Female,73.124.116.121
792,Keelby,Andrzejczak,kandrzejczaklz@dailymail.co.uk,Male,55.235.149.141
793,Anastasie,Merlin,amerlinm0@i2i.jp,Female,51.79.186.230
794,Thomasin,Noads,tnoadsm1@cnet.com,Female,19.164.219.211
795,Jeffry,Basset,jbassetm2@surveymonkey.com,Male,99.205.93.249
796,Cicely,Perren,cperrenm3@php.net,Female,147.185.238.16
797,Jarrod,Tench,jtenchm4@behance.net,Male,184.105.103.229
798,Bunni,Pickavant,bpickavantm5@hp.com,Female,188.34.86.59
799,Trent,Aitcheson,taitchesonm6@state.gov,Male,3.140.247.103
800,Lyn,Stutte,lstuttem7@freewebs.com,Female,74.95.125.138
801,Ricki,Loudiane,rloudianem8@stanford.edu,Male,13.19.49.118
802,Lorna,Corro,lcorrom9@joomla.org,Female,215.209.211.108
803,Gregg,Glyde,gglydema@e-recht24.de,Male,4.71.94.85
804,Bidget,Setchell,bsetchellmb@sakura.ne.jp,Female,98.40.97.248
805,Caro,Toyne,ctoynemc@dion.ne.jp,Female,162.139.14.176
806,Mindy,Kiljan,mkiljanmd@cam.ac.uk,Female,132.210.149.7
807,Putnem,Diamant,pdiamantme@t.co,Male,110.51.12.207
808,Rochella,Raft,rraftmf@europa.eu,Female,224.45.197.27
809,Hobard,Hartburn,hhartburnmg@hao123.com,Male,33.131.115.98
810,Debi,Chadburn,dchadburnmh@pinterest.com,Female,38.133.179.219
811,Reiko,Dallaghan,rdallaghanmi@youtu.be,Female,121.170.217.196
812,Angy,Heathwood,aheathwoodmj@multiply.com,Female,63.99.158.107
813,Lewiss,Dumsday,ldumsdaymk@amazon.co.jp,Male,250.237.9.143
814,Laural,Brouard,lbrouardml@senate.gov,Female,224.66.32.2
815,Flossy,Tamburi,ftamburimm@businessweek.com,Female,141.230.33.68
816,Henry,Stag,hstagmn@bbc.co.uk,Male,34.186.15.203
817,Jean,Makey,jmakeymo@usda.gov,Male,31.76.203.188
818,Clara,Abrashkin,cabrashkinmp@oaic.gov.au,Female,163.75.151.177
819,Jordain,Skill,jskillmq@prlog.org,Female,23.186.142.186
820,Frank,Tydeman,ftydemanmr@photobucket.com,Female,127.77.24.57
821,Bartholemy,Officer,bofficerms@ycombinator.com,Male,156.184.37.170
822,Artair,Catterall,acatterallmt@webnode.com,Male,210.97.83.80
823,Augusta,Clapshaw,aclapshawmu@nih.gov,Female,225.202.17.47
824,Corilla,Lowdwell,clowdwellmv@theatlantic.com,Female,165.85.33.43
825,Wilmette,Birks,wbirksmw@wix.com,Female,227.216.134.62
826,Edward,Maxwell,emaxwellmx@bluehost.com,Male,231.230.109.138
827,Abigael,Cornelisse,acornelissemy@nationalgeographic.com,Female,244.243.244.77
828,Tucker,Windsor,twindsormz@wufoo.com,Male,33.167.83.48
829,Janis,Caldero,jcalderon0@dyndns.org,Female,217.125.201.73
830,Shane,Bleackley,sbleackleyn1@typepad.com,Female,29.31.112.235
831,Emyle,Howes,ehowesn2@answers.com,Female,155.32.78.163
832,Ranna,Ducaen,rducaenn3@devhub.com,Female,156.109.82.81
833,Lurleen,Byass,lbyassn4@ted.com,Female,15.57.155.78
834,Lind,O'Heaney,loheaneyn5@stanford.edu,Male,15.101.91.244
835,Josephine,Roches,jrochesn6@wunderground.com,Female,226.182.135.177
836,Ricky,Dudeney,rdudeneyn7@samsung.com,Male,59.222.237.119
837,Flss,Cremer,fcremern8@drupal.org,Female,179.59.45.226
838,Padraic,O' Ronan,poronann9@cdbaby.com,Male,50.84.199.41
839,Beryle,Meek,bmeekna@webeden.co.uk,Female,143.163.193.55
840,Gisella,Nesterov,gnesterovnb@nymag.com,Female,8.194.102.11
841,Anna-diana,Menichini,amenichininc@dmoz.org,Female,145.99.237.168
842,Wood,Strognell,wstrognellnd@newyorker.com,Male,134.156.90.66
843,Darcy,Newart,dnewartne@hud.gov,Female,0.78.34.243
844,Geordie,Chapelhow,gchapelhownf@state.tx.us,Male,188.199.208.169
845,Anita,Rentoul,arentoulng@slate.com,Female,64.139.200.119
846,Ancell,Doyle,adoylenh@yelp.com,Male,150.233.149.60
847,Garnet,Kevis,gkevisni@ted.com,Female,214.36.230.169
848,Chrissy,Yersin,cyersinnj@cnet.com,Male,115.81.103.252
849,Petey,Domanski,pdomanskink@furl.net,Male,17.183.18.102
850,Lawry,Manssuer,lmanssuernl@sciencedirect.com,Male,164.35.18.124
851,Leoline,Vaen,lvaennm@oaic.gov.au,Female,96.91.71.174
852,Ansell,Wilkenson,awilkensonnn@harvard.edu,Male,34.185.50.197
853,Ludovico,Burborough,lburboroughno@uiuc.edu,Male,14.179.128.138
854,Corrine,Forbear,cforbearnp@dot.gov,Female,43.249.174.30
855,Corabel,Clyde,cclydenq@comcast.net,Female,138.177.6.27
856,Austine,Probbing,aprobbingnr@forbes.com,Female,218.84.42.231
857,Ernestus,Colmer,ecolmerns@ask.com,Male,114.16.206.158
858,Matthiew,Deam,mdeamnt@gnu.org,Male,184.250.14.237
859,Cleon,Royson,croysonnu@de.vu,Male,161.145.179.182
860,Murry,Mainstone,mmainstonenv@linkedin.com,Male,202.234.190.10
861,Niko,Boshell,nboshellnw@github.io,Male,136.47.255.148
862,Chloe,Sleaford,csleafordnx@com.com,Female,247.220.202.178
863,Ellis,Kittiman,ekittimanny@mysql.com,Male,212.94.1.37
864,Chris,Rosenblum,crosenblumnz@odnoklassniki.ru,Female,0.156.207.113
865,Lacie,Brumble,lbrumbleo0@topsy.com,Female,223.141.6.112
866,Harbert,Spikeings,hspikeingso1@photobucket.com,Male,52.127.150.1
867,Cross,Fort,cforto2@tmall.com,Male,38.49.34.81
868,Sidnee,Bartak,sbartako3@hostgator.com,Male,80.38.234.211
869,Derron,Kuscha,dkuschao4@mozilla.org,Male,246.238.11.247
870,Tuckie,Grestie,tgrestieo5@boston.com,Male,61.133.126.60
871,Justinian,Rolingson,jrolingsono6@nbcnews.com,Male,118.18.153.114
872,Marcelle,McCromley,mmccromleyo7@bravesites.com,Female,72.121.106.46
873,Sherilyn,Brentnall,sbrentnallo8@hexun.com,Female,247.158.207.161
874,Matthias,Beard,mbeardo9@howstuffworks.com,Male,103.134.105.114
875,Glennie,Germain,ggermainoa@pbs.org,Female,193.136.40.18
876,Rockwell,Carnaman,rcarnamanob@hubpages.com,Male,193.46.157.107
877,Carla,Pohlak,cpohlakoc@51.la,Female,81.91.157.185
878,Carma,McTavy,cmctavyod@boston.com,Female,176.221.95.201
879,Natalie,Gartin,ngartinoe@ameblo.jp,Female,2.10.98.28
880,Buddy,Knoble,bknobleof@rediff.com,Male,221.135.170.77
881,Angelica,Somerville,asomervilleog@digg.com,Female,161.127.122.210
882,Laurent,Hanway,lhanwayoh@spotify.com,Male,243.151.220.64
883,Salmon,Leader,sleaderoi@macromedia.com,Male,9.101.97.182
884,Lucienne,Jacobsz,ljacobszoj@unblog.fr,Female,241.128.121.106
885,Karleen,Willimott,kwillimottok@nyu.edu,Female,46.179.137.119
886,Danny,Loyns,dloynsol@time.com,Female,134.94.102.139
887,Roana,O'Sullivan,rosullivanom@symantec.com,Female,115.226.214.20
888,Lanita,Leven,llevenon@hp.com,Female,34.245.200.131
889,Sonnnie,Hunting,shuntingoo@vinaora.com,Female,242.173.191.177
890,Ad,Schoolcroft,aschoolcroftop@biglobe.ne.jp,Male,92.197.150.118
891,Belinda,Haysey,bhayseyoq@webmd.com,Female,79.83.173.29
892,Jo ann,Miquelet,jmiqueletor@reference.com,Female,101.4.16.63
893,Joete,Rankmore,jrankmoreos@myspace.com,Female,101.167.208.174
894,Walker,Ferenczi,wferencziot@myspace.com,Male,162.110.26.34
895,Suki,Bearcock,sbearcockou@shop-pro.jp,Female,80.64.77.106
896,Eugenius,Carlisso,ecarlissoov@apple.com,Male,204.231.106.33
897,Berti,Witherspoon,bwitherspoonow@mac.com,Male,185.5.103.49
898,Bing,St. Ledger,bstledgerox@cnbc.com,Male,143.66.60.9
899,Jocelin,Schuelcke,jschuelckeoy@mail.ru,Female,224.165.55.193
900,Kattie,Prendergrast,kprendergrastoz@netscape.com,Female,243.155.93.180
901,Cherish,Grzelak,cgrzelakp0@prlog.org,Female,136.35.166.40
902,Cyb,Woodbridge,cwoodbridgep1@ocn.ne.jp,Female,134.98.8.249
903,Deirdre,Spurgeon,dspurgeonp2@123-reg.co.uk,Female,86.131.40.3
904,Karisa,Southerden,ksoutherdenp3@ycombinator.com,Female,103.147.128.20
905,Joseph,Drillot,jdrillotp4@un.org,Male,198.100.154.187
906,Welch,Hlavac,whlavacp5@icio.us,Male,82.212.118.140
907,Natala,Priestland,npriestlandp6@about.com,Female,75.10.207.6
908,Mariellen,Calafate,mcalafatep7@tinyurl.com,Female,34.207.163.226
909,Stanford,Yeoman,syeomanp8@umn.edu,Male,68.241.58.188
910,Elizabeth,Skegg,eskeggp9@ifeng.com,Female,176.217.244.26
911,Abbi,Hynde,ahyndepa@mlb.com,Female,213.53.186.178
912,Morley,Meijer,mmeijerpb@friendfeed.com,Male,183.150.92.39
913,Hamel,Lenton,hlentonpc@last.fm,Male,245.12.68.83
914,Nissa,Edington,nedingtonpd@icq.com,Female,175.195.52.168
915,Leandra,Itskovitz,litskovitzpe@eepurl.com,Female,246.189.144.211
916,Griselda,MacDonagh,gmacdonaghpf@flavors.me,Female,234.145.47.128
917,Mord,Denton,mdentonpg@alexa.com,Male,245.145.255.133
918,Stirling,Kytter,skytterph@cam.ac.uk,Male,228.104.161.10
919,Lowell,Samuel,lsamuelpi@mozilla.com,Male,98.103.196.159
920,Isadora,Coult,icoultpj@canalblog.com,Female,240.173.42.100
921,Dick,Duddell,dduddellpk@51.la,Male,253.156.79.31
922,Torr,Abbison,tabbisonpl@delicious.com,Male,207.72.90.149
923,Bailey,Sharrem,bsharrempm@soundcloud.com,Male,95.125.72.34
924,Anstice,Gosselin,agosselinpn@harvard.edu,Female,135.50.158.156
925,Farlay,Lonie,floniepo@photobucket.com,Male,43.146.127.44
926,Jonathon,Swatridge,jswatridgepp@weebly.com,Male,45.206.232.28
927,Joy,Gerrens,jgerrenspq@lulu.com,Female,149.7.191.22
928,Dawn,Lillistone,dlillistonepr@51.la,Female,43.140.4.23
929,Nicoli,Nobles,nnoblesps@webmd.com,Female,215.240.163.18
930,Yardley,Threadgill,ythreadgillpt@wikispaces.com,Male,249.183.47.67
931,Saxon,Jatczak,sjatczakpu@nytimes.com,Male,30.122.188.74
932,Millie,Flett,mflettpv@i2i.jp,Female,121.172.211.5
933,Mariel,Petett,mpetettpw@mail.ru,Female,30.162.226.169
934,Ardene,Benning,abenningpx@clickbank.net,Female,217.144.67.31
935,Rowena,Bredes,rbredespy@joomla.org,Female,99.93.215.161
936,Michal,Wakeley,mwakeleypz@studiopress.com,Female,219.129.87.198
937,Clarie,Dominichelli,cdominichelliq0@usa.gov,Female,52.156.246.180
938,Free,Rosenblum,frosenblumq1@newsvine.com,Male,235.232.47.53
939,Bride,Sturgeon,bsturgeonq2@lycos.com,Female,181.21.32.226
940,Sigfrid,Stradling,sstradlingq3@a8.net,Male,213.127.233.71
941,Helyn,Lapping,hlappingq4@rakuten.co.jp,Female,96.51.144.21
942,Caspar,Easter,ceasterq5@craigslist.org,Male,242.188.6.130
943,Lanae,Wofenden,lwofendenq6@webnode.com,Female,2.114.2.83
944,Jaymee,Langridge,jlangridgeq7@comcast.net,Female,112.189.119.13
945,Maia,Olivera,moliveraq8@google.cn,Female,78.124.131.50
946,Melanie,Cockland,mcocklandq9@nydailynews.com,Female,176.218.65.83
947,Remington,Enevold,renevoldqa@google.de,Male,174.247.187.59
948,Blancha,Arnaldi,barnaldiqb@marketwatch.com,Female,95.93.112.74
949,Nathan,Desmond,ndesmondqc@oakley.com,Male,118.21.85.142
950,Jose,Dronsfield,jdronsfieldqd@cocolog-nifty.com,Male,116.153.231.103
951,Emanuel,Looks,elooksqe@usa.gov,Male,108.222.96.116
952,Scarlett,Macon,smaconqf@ocn.ne.jp,Female,38.42.20.251
953,Shanon,Vase,svaseqg@china.com.cn,Female,55.43.48.193
954,Vivien,Blood,vbloodqh@is.gd,Female,42.156.222.191
955,De witt,Gillibrand,dgillibrandqi@tripod.com,Male,198.9.157.4
956,Gertrude,Fullerton,gfullertonqj@de.vu,Female,81.124.109.93
957,Harli,Pavinese,hpavineseqk@virginia.edu,Female,142.166.121.185
958,Tamas,Kingaby,tkingabyql@narod.ru,Male,64.27.17.64
959,Blane,Kedslie,bkedslieqm@theatlantic.com,Male,73.113.160.8
960,Jeannine,Rubrow,jrubrowqn@guardian.co.uk,Female,86.144.102.36
961,Lebbie,Duck,lduckqo@microsoft.com,Female,34.34.211.228
962,Kakalina,Spraging,kspragingqp@cornell.edu,Female,154.186.235.240
963,Bernita,Glidden,bgliddenqq@vimeo.com,Female,187.181.197.125
964,Estrella,Boote,ebooteqr@1688.com,Female,154.183.186.125
965,Myrtice,Humblestone,mhumblestoneqs@prweb.com,Female,223.1.4.254
966,Niki,Rosten,nrostenqt@wordpress.com,Male,101.236.205.242
967,Jose,Peinke,jpeinkequ@linkedin.com,Male,238.8.246.233
968,Charline,Carr,ccarrqv@apple.com,Female,22.221.210.0
969,Thacher,Liddyard,tliddyardqw@tinyurl.com,Male,199.204.111.135
970,Nickey,Scutter,nscutterqx@zdnet.com,Male,11.93.112.199
971,Gibb,McKinney,gmckinneyqy@printfriendly.com,Male,59.13.38.130
972,Julietta,Girdler,jgirdlerqz@shop-pro.jp,Female,1.124.220.18
973,Heidi,Eakens,heakensr0@wufoo.com,Female,222.203.245.45
974,Giralda,Simms,gsimmsr1@addtoany.com,Female,189.199.221.7
975,Niall,Nicholson,nnicholsonr2@typepad.com,Male,45.192.176.194
976,Fayth,Macken,fmackenr3@merriam-webster.com,Female,91.26.241.46
977,Gilburt,Billingham,gbillinghamr4@sphinn.com,Male,128.70.88.188
978,Vivyanne,Cattel,vcattelr5@seattletimes.com,Female,254.160.10.33
979,Renate,Matczak,rmatczakr6@addtoany.com,Female,139.149.174.199
980,Pepe,Chipchase,pchipchaser7@gnu.org,Male,170.231.131.146
981,Judye,Going,jgoingr8@mlb.com,Female,217.80.137.113
982,Celinda,MacMichael,cmacmichaelr9@nifty.com,Female,236.27.208.204
983,Mead,Putterill,mputterillra@ehow.com,Male,172.76.65.127
984,Ambros,Raimbauld,araimbauldrb@cbc.ca,Male,74.130.69.11
985,Alessandro,Harridge,aharridgerc@sitemeter.com,Male,110.116.182.233
986,Gordy,Andrich,gandrichrd@washington.edu,Male,19.105.237.29
987,Wade,Mathevon,wmathevonre@newyorker.com,Male,174.145.38.21
988,Nadya,Watmore,nwatmorerf@salon.com,Female,248.47.231.110
989,Orren,Gauler,ogaulerrg@sakura.ne.jp,Male,97.101.71.103
990,Therese,Enever,teneverrh@godaddy.com,Female,7.7.108.220
991,Viviyan,Langforth,vlangforthri@tumblr.com,Female,4.41.12.251
992,Stephana,Boardman,sboardmanrj@wikispaces.com,Female,86.40.98.233
993,Sheilakathryn,Filippo,sfilippork@globo.com,Female,91.100.241.164
994,Gracie,Oldershaw,goldershawrl@hibu.com,Female,3.194.101.82
995,Sara,Norbury,snorburyrm@tripod.com,Female,67.168.237.142
996,Bartie,Crean,bcreanrn@prweb.com,Male,173.91.100.117
997,Lilah,Comer,lcomerro@simplemachines.org,Female,70.108.106.227
998,Rey,Saich,rsaichrp@posterous.com,Female,56.146.122.101
999,Cindelyn,Wozencroft,cwozencroftrq@theguardian.com,Female,209.12.98.9
1000,Gabi,Tee,gteerr@google.it,Male,64.213.111.188
